Treatment_Effect,P90,P95,P99,P100
-10.0,0.0,0.0,0.0,0.0
-5.0,0.0,0.0,0.0,0.0
-2.0,0.0,0.0,0.0,0.03300000000000003
-1.0,0.0,0.0,0.29600000000000004,0.528
-0.5,0.0,0.0,0.756,0.849
0.0,0.038,0.042,0.056,0.044
0.5,0.0,0.0,0.757,0.862
1.0,0.0,0.0,0.269,0.538
2.0,0.0,0.0,0.0010000000000000009,0.03600000000000003
5.0,0.0,0.0,0.0,0.0
10.0,0.0,0.0,0.0,0.0
