Dataset,User_Count,Conversion_Rate,Mean_REVENUE,Max_REVENUE,Skewness,Kurtosis,Top_1pct_Revenue_Share
Dataset1_outliers_ready,104113,0.4175751347094023,7.410247785943342,5653.799187205233,30.99062452580922,1721.961555662767,0.5534216279523975
Dataset2_outliers_ready,517129,0.3578410802720404,153.06000269748756,14653.047613212966,11.820245652200162,175.7784919016547,0.4202803547483437
Dataset3_outliers_ready,440519,0.02645515857431802,0.306911700756583,674.817394250012,44.505766008097346,3077.1423359364567,0.8691942047011528
